upstream_filename	atrinik_face	sha256	modification
A_Armor04.png	icon_7soul1_a_armor04.101	ad731480a65136ee0283a1c1ce32570f9b4de22be743733537fbf4c15fa7ff57	none (byte-identical source copy)
A_Armor05.png	icon_7soul1_a_armor05.101	df5a8cd689b7367e414acbb541bbbfea9857d0d70aaad6eb18f6dcee0dfd2a2f	none (byte-identical source copy)
A_Armour01.png	icon_7soul1_a_armour01.101	a3bb6a08173332fc520af4f69df71922dba4fe8759f9dc2bb7addf0ca1e01f8c	none (byte-identical source copy)
A_Armour02.png	icon_7soul1_a_armour02.101	c9d465c1e55aaec9273ce1207e2f07e080b3a9f146370f3416851b90118cbab1	none (byte-identical source copy)
A_Armour03.png	icon_7soul1_a_armour03.101	c69928de2cf87f6a7aa83834df0c1aaf3d6f3abc5bd8b1d05617edf3c9f2edaf	none (byte-identical source copy)
A_Clothing01.png	icon_7soul1_a_clothing01.101	953415c704ba659882d7397f9bf7f861346f32ca77f8d276cc813a9d6458e2d3	none (byte-identical source copy)
A_Clothing02.png	icon_7soul1_a_clothing02.101	27e9af3a50ec290f13f7bdacb44a8af8c2b07d10bcbd1e4caad3fefbff77315c	none (byte-identical source copy)
A_Shoes01.png	icon_7soul1_a_shoes01.101	b3fb318b8e34b6ba30eff4e414b5641f89e52e1804a25b1054f9e2d05a42bb55	none (byte-identical source copy)
A_Shoes02.png	icon_7soul1_a_shoes02.101	fa1030735bbd317de4021a34221fd2e35b5922427013fd7d38d96a17cb6623f5	none (byte-identical source copy)
A_Shoes03.png	icon_7soul1_a_shoes03.101	3719ee88bbaba694523256ba1a552a85a414bc6590dc16eb4037ca1da15c33d4	none (byte-identical source copy)
A_Shoes04.png	icon_7soul1_a_shoes04.101	276e4236315b0bcec3f2f9ff79769821d5f97f1fb88a7eb993cd466d996907e7	none (byte-identical source copy)
A_Shoes05.png	icon_7soul1_a_shoes05.101	1fd6140e5016c2e6b3b1c0df5ca4d0e062620d186298f43f77ee8b174d0b82a2	none (byte-identical source copy)
A_Shoes06.png	icon_7soul1_a_shoes06.101	870e56398d7a72d5a73f449385f3326945d729580f9cb888220dabf625917171	none (byte-identical source copy)
A_Shoes07.png	icon_7soul1_a_shoes07.101	1a2ed1341183ab6783d552547cef660600fb2edae36302cb10c5c650e8f3eb88	none (byte-identical source copy)
Ac_Medal01.png	icon_7soul1_ac_medal01.101	49084bf84a86de7bf63169a2a13e45d73e02d519962a8ff86af5f57c440e8e48	none (byte-identical source copy)
Ac_Medal02.png	icon_7soul1_ac_medal02.101	53486cf5d85f9a0783012cfc09a15a6e9aee6b507ec30b97f9267ef336b044a6	none (byte-identical source copy)
Ac_Medal03.png	icon_7soul1_ac_medal03.101	666899c5a11d9a25d2eda41a6626d44abdd5105bccf5e0eb55311d26168e5b94	none (byte-identical source copy)
Ac_Medal04.png	icon_7soul1_ac_medal04.101	29c7a8cfeaa08a3be5a434928a54058af57fb6090ecbbcb897e4d9131aa1d792	none (byte-identical source copy)
Ac_Necklace01.png	icon_7soul1_ac_necklace01.101	bc57673c82ce22ab6014e7dd4d910575140bc7c3374fd2c16aaf137c30512078	none (byte-identical source copy)
Ac_Necklace02.png	icon_7soul1_ac_necklace02.101	97505e855dda1eb47d2c8d7b7eb283c824e0e05cf8d8ce5310a6b6af6693f43e	none (byte-identical source copy)
Ac_Necklace03.png	icon_7soul1_ac_necklace03.101	3f199508a463f96fafb68ca48994a91a2cd6c1a66d2dc5748baf20e35add80bf	none (byte-identical source copy)
Ac_Necklace04.png	icon_7soul1_ac_necklace04.101	c5e32917a327965ef1388c56ef485f3068c72723a634f93dbb85b12899df4af2	none (byte-identical source copy)
Ac_Necklace05.png	icon_7soul1_ac_necklace05.101	accb07be9bbf37b9dbfe87898a5d3b08bb17cfcd17107705c3648da35ff3c11d	none (byte-identical source copy)
Ac_Necklace06.png	icon_7soul1_ac_necklace06.101	96349b7bb040729fda06e2be8451bf33950821289e7c7c23e7b1cd1c480137ab	none (byte-identical source copy)
Ac_Necklace07.png	icon_7soul1_ac_necklace07.101	7a0e2f6e3a90df667ca7f92f6943b5030c4625c511a3ce544c1cf0f2e617f9b7	none (byte-identical source copy)
Ac_Necklace08.png	icon_7soul1_ac_necklace08.101	2daa03e4cf027fe611395a3eac4ef7ab34dfb93fd66d4f49c5ba8a7e90067aea	none (byte-identical source copy)
Ac_Ring01.png	icon_7soul1_ac_ring01.101	d0c41b3438fff6889b230860fa7011d42f196ffe8999125f7cc0a315958ef7c7	none (byte-identical source copy)
Ac_Ring02.png	icon_7soul1_ac_ring02.101	edadc33670fffe57fac572f39dbe7597cfc1f544b5ef79884f4e69d3ee5bd03f	none (byte-identical source copy)
C_Elm01.png	icon_7soul1_c_elm01.101	4f864613993fa7359f52473cdf60bbf10a61058fddb92298dd796d87d3e86397	none (byte-identical source copy)
C_Elm03.png	icon_7soul1_c_elm03.101	dbc9625d87143f6ed4add9713c3770f3da1163b79dd399d7abfdefa39361d71a	none (byte-identical source copy)
C_Elm04.png	icon_7soul1_c_elm04.101	e2b6f7029920c6738550b51dab58e4986b99ced22fb7dc11298d6b34b1c0b677	none (byte-identical source copy)
C_Hat01.png	icon_7soul1_c_hat01.101	f806410bb636e75a9f9fd4560d2e3042d4ab3855476e063ce11f9bb27dafa151	none (byte-identical source copy)
C_Hat02.png	icon_7soul1_c_hat02.101	163776fd9f7f0e571e54b2261c8444762c2f1e03ed6f4cb603892f798c4f3c26	none (byte-identical source copy)
E_Bones02.png	icon_7soul1_e_bones02.101	146591cccd3b59dd41e9b3bc48a196ba904533db6c5a0e7fbaf2ceaf63f794f9	none (byte-identical source copy)
E_Bones03.png	icon_7soul1_e_bones03.101	d0117ebf12327fd5d38239882e1e4c7d3ae8aa9556005b4459c6196dcd719d44	none (byte-identical source copy)
E_Gold01.png	icon_7soul1_e_gold01.101	a2567599675d8c9033842b9a54595e47d1663ef3aa0bc1cfb526cf3af6352354	none (byte-identical source copy)
E_Gold02.png	icon_7soul1_e_gold02.101	b71cd84b5a7b78bd2127109ccc9c3303fefc757b62f2124de8363ea0f2fff157	none (byte-identical source copy)
E_Metal01.png	icon_7soul1_e_metal01.101	20f4e0d2254d33d8f48057b70cd3212affe819c957d38863e6d9abc9f2439906	none (byte-identical source copy)
E_Metal02.png	icon_7soul1_e_metal02.101	b82384e86b94a62d5854fee8226698ab9218118e21364e4eedb3329f0fb349ac	none (byte-identical source copy)
E_Metal03.png	icon_7soul1_e_metal03.101	f4bb16061145b8ad3336bda23c1f0b6aa9dfe673659084679520b579afcb5536	none (byte-identical source copy)
E_Metal04.png	icon_7soul1_e_metal04.101	267ea31235ca0df656ca79802a7702368893b0a8b7091c07aa6082d1dabceae2	none (byte-identical source copy)
E_Metal05.png	icon_7soul1_e_metal05.101	76d65af2a3ecd2ec70ac52a0e0e847e5c32a46e20b560d011491d5e8d4ed79f0	none (byte-identical source copy)
E_Metal06.png	icon_7soul1_e_metal06.101	5d6689a53a1dcabfc9d2159a20f9aa5f5310569aa124c9333cf3fe3a75ebb317	none (byte-identical source copy)
E_Metal07.png	icon_7soul1_e_metal07.101	aaaabf4cb04b2436e6ab99996b0a5e35874fca1afa3e47606906403d915cc637	none (byte-identical source copy)
E_Metal08.png	icon_7soul1_e_metal08.101	f5b832ea5795c41653b85c35f18106c51c82700c2d811311706bfa3a71048ebd	none (byte-identical source copy)
E_Metal09.png	icon_7soul1_e_metal09.101	7c40ec5829d171da76f8c63ca77314449d583291c3a539355d5b6037bec384ca	none (byte-identical source copy)
E_Wood01.png	icon_7soul1_e_wood01.101	e7e2b725ed51c10d3a3153c6b0870dac153f26f13ed3c79c16a5b5f71792b0c0	none (byte-identical source copy)
E_Wood02.png	icon_7soul1_e_wood02.101	971bb7385a65816be0a1b9377efd2b1a2fba7329f7d10016bb83d4d9ef020fbc	none (byte-identical source copy)
E_Wood03.png	icon_7soul1_e_wood03.101	c47a23ab71a4a73a8c671db04bf775483b6c94731968e4ac90f97487d2f1cecf	none (byte-identical source copy)
E_Wood04.png	icon_7soul1_e_wood04.101	cb81b8c53b11b099bc589834a5ae4026d42ebd027afc8e99a60ae592124b11d5	none (byte-identical source copy)
I_Agate.png	icon_7soul1_i_agate.101	6070ae71fb9169abda2d2c31c054a1285e4b31fdee060c114ac0ce28c98fce25	none (byte-identical source copy)
I_Amethist.png	icon_7soul1_i_amethist.101	7d31cf8433e2cbec8eb7299c15dcb80c7fc35feef66a4daadc0c263731ac6f05	none (byte-identical source copy)
I_Antidote.png	icon_7soul1_i_antidote.101	cbc29696456acb07bac915d96b1ed14eaea8a97c89e05ea9827b132848470557	none (byte-identical source copy)
I_BatWing.png	icon_7soul1_i_batwing.101	bc5c0d3893464c41ec9b46af6bb9f37fb7b2b20f2490373d9a5d2f0e19d58c6b	none (byte-identical source copy)
I_BirdsBeak.png	icon_7soul1_i_birdsbeak.101	956d7ae87048533923550495953f0ebeca5918be8c540883ae4999ba9b59f695	none (byte-identical source copy)
I_Bone.png	icon_7soul1_i_bone.101	d39326afa08909282ef498373140188b88567d0ee22f0214e316df17009e1232	none (byte-identical source copy)
I_Book.png	icon_7soul1_i_book.101	24914688e6cc522f01a5f67e3e3e3342a202c280dad7c5eb6d6fbe3a9f7e726a	none (byte-identical source copy)
I_Bottle01.png	icon_7soul1_i_bottle01.101	014e4ab74b192dc3c9a49adbb35f3762d057c34aea8965e7779583db6cbd7ddc	none (byte-identical source copy)
I_Bottle02.png	icon_7soul1_i_bottle02.101	01518e7dae4d8476d395f68e17b0df99f8f6a4eccc00276e17208bd5261cc65b	none (byte-identical source copy)
I_Bottle03.png	icon_7soul1_i_bottle03.101	e18119b62c675d063a9e8fc1ff52731d188c8bc661090e57502ec51851f74c45	none (byte-identical source copy)
I_Bottle04.png	icon_7soul1_i_bottle04.101	f08e8a83e7e96b0d88ddb68ccefe72722dd687d56df25d6aa0aa56ebd0b0b92e	none (byte-identical source copy)
I_BronzeBar.png	icon_7soul1_i_bronzebar.101	819062a294ce3648db282c2f660d1285e395d01b60d5f2fca8b14f922c1f7d04	none (byte-identical source copy)
I_BronzeCoin.png	icon_7soul1_i_bronzecoin.101	09f26b47fbb7383319cad056d33eb7a4a393674f81549e3f8dce137f02398367	none (byte-identical source copy)
I_C_Banana.png	icon_7soul1_i_c_banana.101	2ac974b88bed6bc84bb808ae708ff9e95a40aaf4a918d49dca8923f2396efa0a	none (byte-identical source copy)
I_C_Bread.png	icon_7soul1_i_c_bread.101	f23f69fc93025f4551e8b719718263e49f196677a872e5aab346043f04a0ca91	none (byte-identical source copy)
I_C_Carrot.png	icon_7soul1_i_c_carrot.101	d169e7518f7dfe80f09209e4eede711c0502f744911600bae20ca3f02fc8eb4c	none (byte-identical source copy)
I_C_Cheese.png	icon_7soul1_i_c_cheese.101	38b4c0f711d7959a71bb264e0c659cc6b778e865be60b4abcbbe0d79bf4fe573	none (byte-identical source copy)
I_C_Cherry.png	icon_7soul1_i_c_cherry.101	d12ff8cf245176220fbc13181166bb9c9ba02eff81d80eb1ff80b8d7d23ed704	none (byte-identical source copy)
I_C_Fish.png	icon_7soul1_i_c_fish.101	e1f8b6943a9dd50a8c00d9525fcd3ae2e9d4cf7bed3f0bb68919e1ae20f7e62c	none (byte-identical source copy)
I_C_Grapes.png	icon_7soul1_i_c_grapes.101	5d20e24d6bfd422e14ddd3053c6238aed6398076db1ba4f07df02530f12753b0	none (byte-identical source copy)
I_C_GreenGrapes.png	icon_7soul1_i_c_greengrapes.101	fb8862105def123e379f00f3d3783d9e58888d49b9a93617760c0825a2f02fde	none (byte-identical source copy)
I_C_GreenPepper.png	icon_7soul1_i_c_greenpepper.101	8ddb3197ca05ce2d144112824478609218ac394d915a2695923ab7ebfdd662a5	none (byte-identical source copy)
I_C_Lemon.png	icon_7soul1_i_c_lemon.101	b66ac2d99b509de3a1b8cf32904a69d4d232211954990348e604ad6c744d152e	none (byte-identical source copy)
I_C_Meat.png	icon_7soul1_i_c_meat.101	9a4a27a9540756a0eb77f4bec4d32d7bf5d121883062cbfe384dcbaffad008b5	none (byte-identical source copy)
I_C_Mulberry.png	icon_7soul1_i_c_mulberry.101	aa8e58544b21f96d98d6b4b042863f20b69d686bbc831ce67268733329a70b71	none (byte-identical source copy)
I_C_Mushroom.png	icon_7soul1_i_c_mushroom.101	92272189498302496a64e7cde1591cd4547bec1e43e47aea3963d9ee2d6b13e3	none (byte-identical source copy)
I_C_Nut.png	icon_7soul1_i_c_nut.101	cba107460690ffb680a2f01fc80805c6969e69566ac0ea30c0a35203d16661a6	none (byte-identical source copy)
I_C_Orange.png	icon_7soul1_i_c_orange.101	75124a7f3c0c5e67e34ab9f9db2c725af8853dcff9eceece0ba34fd0cce7b2e2	none (byte-identical source copy)
I_C_Pear.png	icon_7soul1_i_c_pear.101	7092f4afb1a2ac57482f244fed4009a51df779b7a96dbe428c2c4cd8f6f320a4	none (byte-identical source copy)
I_C_Pie.png	icon_7soul1_i_c_pie.101	21abce4a033e14e9ed9e49199b29ce7b4749c1a4eef17c320cabda3207a3a596	none (byte-identical source copy)
I_C_Pineapple.png	icon_7soul1_i_c_pineapple.101	57a7ace236fee56047bd4174206c012de5b35b60405766090e9bfdd6b6eb0746	none (byte-identical source copy)
I_C_Radish.png	icon_7soul1_i_c_radish.101	69b626e7ed88fae28eb25adbe102d5f1af98d535a12349448f6d765d298fecf2	none (byte-identical source copy)
I_C_RawFish.png	icon_7soul1_i_c_rawfish.101	b9c1ff92d1a4767442d3dcca739a6d067e35c96b1ca73e460b207a12d8a728f6	none (byte-identical source copy)
I_C_RawMeat.png	icon_7soul1_i_c_rawmeat.101	7aa95d3ea25bd9993d03ae1aa49f18733c116e6341d04c17b6ce6e3adf06fd04	none (byte-identical source copy)
I_C_RedPepper.png	icon_7soul1_i_c_redpepper.101	a8403b767e6aab7436473eee5f3d0c24ff553fa260d620f3a1d4e357b94e8581	none (byte-identical source copy)
I_C_Strawberry.png	icon_7soul1_i_c_strawberry.101	113d970ce6f20d8eb591e1399c607ec64a80801a5ecb612948fb79abb6b3bb8d	none (byte-identical source copy)
I_C_Watermellon.png	icon_7soul1_i_c_watermellon.101	f941f1545156d0b416deddec2a7201eefc570a1ee2fe3be0542262870f7b1d8a	none (byte-identical source copy)
I_C_YellowPepper.png	icon_7soul1_i_c_yellowpepper.101	0cf9939451cc31061115fe48efba78f6e08cba75572a9ca7258ec32486ace2cd	none (byte-identical source copy)
I_Cannon01.png	icon_7soul1_i_cannon01.101	4c6b3f735f803b279bb4ffe9c06c8b5a710f189d4d5ae766d852cf1eefd3ff7b	none (byte-identical source copy)
I_Cannon02.png	icon_7soul1_i_cannon02.101	598bf384091a9326b57048917e4fe35f7c34c16bf4459d4a7ccd0b066ba26fb9	none (byte-identical source copy)
I_Cannon03.png	icon_7soul1_i_cannon03.101	25605c75c82e4c2544ad8cc9828c066818bed2aaaf40cfd49843aac1cda1385d	none (byte-identical source copy)
I_Cannon04.png	icon_7soul1_i_cannon04.101	67165d08f50b8ecfa8d196a044a58c1be31fe7877e8bf5509546237cd947b6ab	none (byte-identical source copy)
I_Cannon05.png	icon_7soul1_i_cannon05.101	2ef892f52bc2a8075a2ca5ba16d84609fa10785a373f9a955481579924010077	none (byte-identical source copy)
I_Chest01.png	icon_7soul1_i_chest01.101	b3a1efc58fe22471ea0d3e1d0e0cab07253ca91b7a8ea2aca9381c0ccc26637a	none (byte-identical source copy)
I_Chest02.png	icon_7soul1_i_chest02.101	b25858add12f20c1c0b498440cc4fbccaf9a8aa238b780a05fce386e905feabf	none (byte-identical source copy)
I_Clock.png	icon_7soul1_i_clock.101	2c237aec33e9669c35817a755474160ecfc969db1c6dec5b238ba93ac75ae45e	none (byte-identical source copy)
I_Clover.png	icon_7soul1_i_clover.101	9efee803668626f2755bd160081206b10aea11e989cc8bfa08433ed1e6ea96c2	none (byte-identical source copy)
I_Coal.png	icon_7soul1_i_coal.101	b1cdfb6cea0e7a33d4018449dd511d1c254d9d728d6f707209a03ad94c55d518	none (byte-identical source copy)
I_Crystal01.png	icon_7soul1_i_crystal01.101	c0287b8c4926ea738638a42a257846f6679c05cd4742ce4aec9ca21f90cc2808	none (byte-identical source copy)
I_Crystal02.png	icon_7soul1_i_crystal02.101	28a4faf91b68e4c324c045c66ff3a1e3efe932440f01b6c8b81f2568e394aa89	none (byte-identical source copy)
I_Crystal03.png	icon_7soul1_i_crystal03.101	7863598b9f881b891169c613e5e456d240fe2f8efff21e22df2292ac9f82cf29	none (byte-identical source copy)
I_Diamond.png	icon_7soul1_i_diamond.101	e424bb625ef5359f7f1a263168d2e7f4451e3672d3356f3fad5280462192b1c0	none (byte-identical source copy)
I_Eye.png	icon_7soul1_i_eye.101	8af141c69ec83670c7947800c533d339c6e830c666a75a87c3652c5bc745d2ba	none (byte-identical source copy)
I_Fabric.png	icon_7soul1_i_fabric.101	a9fc709f22b1b6e73723c9c470dcdb428b7e199e785bf92e29216ce1da8fb944	none (byte-identical source copy)
I_Fang.png	icon_7soul1_i_fang.101	5ffafcd26ec0dbe74e9b4303b047cc75acdac245d0bfa5811a6c17317e7ea241	none (byte-identical source copy)
I_Feather01.png	icon_7soul1_i_feather01.101	6d98c4c0ea232294590532c0872d7180c12135613cfd4d15605c83f3da1ac354	none (byte-identical source copy)
I_Feather02.png	icon_7soul1_i_feather02.101	0336c8a2cf795bf94385562563d0877b0bb90e260b25cf3726d9360c8d468c75	none (byte-identical source copy)
I_FishTail.png	icon_7soul1_i_fishtail.101	64dcfdd5b0484b07c824758d9370beac385b9f9ad2ed10f197e300b16c975452	none (byte-identical source copy)
I_FoxTail.png	icon_7soul1_i_foxtail.101	02364ad81ce39fae99bc03c65decd934a50f034f9a3ef221731799926d655aea	none (byte-identical source copy)
I_FrogLeg.png	icon_7soul1_i_frogleg.101	0491cf73504170b5fe043489c073e9604db868db58f6b336a0f08c91b41bef03	none (byte-identical source copy)
I_GoldBar.png	icon_7soul1_i_goldbar.101	b3fd361aeeaef3fc58565afa7bc316e589498ee75f29c363c4ce4c73578e19b9	none (byte-identical source copy)
I_GoldCoin.png	icon_7soul1_i_goldcoin.101	3726b6115d344f1596131b0ebd19784a749dca6266cc52ad8e490bb25b1b3219	none (byte-identical source copy)
I_Ink.png	icon_7soul1_i_ink.101	0d5d0687e57b4443e6a41527ff20a2cebb00122d8bf5b8d84dd9f775ee5a2c4c	none (byte-identical source copy)
I_IronBall.png	icon_7soul1_i_ironball.101	764b8547c644061b975696ea10f9c75905e8f41038fa8dbc4547b7b2854e1f76	none (byte-identical source copy)
I_Jade.png	icon_7soul1_i_jade.101	5565ecb198470faaa97b7db9e88d1316822801664a5d7b5e2aff4fd515a7e167	none (byte-identical source copy)
I_Key01.png	icon_7soul1_i_key01.101	2e14708d0db6d8ae799549e4f27797c5fc574754b8340e205dc0c36f8066bae0	none (byte-identical source copy)
I_Key02.png	icon_7soul1_i_key02.101	7882732f4b61f5199719f5c6b6fe05640de676c1549baed16e701d685300b7b9	none (byte-identical source copy)
I_Key03.png	icon_7soul1_i_key03.101	1e5d895714a597fd1dc8ab22ba9f437f5921f25ce21af5e163ca76c212935e1f	none (byte-identical source copy)
I_Key04.png	icon_7soul1_i_key04.101	a286ee8dfa5583bd0758ae8617b73c0dea781e40c092d2ccf4ee8fa275805a44	none (byte-identical source copy)
I_Key05.png	icon_7soul1_i_key05.101	e04c79de62bb27dbc55cb4a680043f6f34eef60eac40110d7150d89a5702d3ea	none (byte-identical source copy)
I_Key06.png	icon_7soul1_i_key06.101	f9a0882f5f193e9336d8186825a712bf56d9f9ac57e7f424b6aa9e54c74a29d6	none (byte-identical source copy)
I_Key07.png	icon_7soul1_i_key07.101	4a1dced39de424963dd46843c7ffc68abd06c3cbd00c72b02bf518cfea7f3d25	none (byte-identical source copy)
I_Leaf.png	icon_7soul1_i_leaf.101	61f9508d3b0d5fcc906e3141c1fb6fe7846c3a075c9e89dd4a38913f7f431147	none (byte-identical source copy)
I_Map.png	icon_7soul1_i_map.101	261becfc79fb42e15aa71c4927854de1259b01564b3fa454bbd9a4a620a6b0ea	none (byte-identical source copy)
I_Mirror.png	icon_7soul1_i_mirror.101	b9e1f576f82323cf444da3d0900d250264687cd7d7fba18e17369be0bfcd1ff5	none (byte-identical source copy)
I_Opal.png	icon_7soul1_i_opal.101	23ee4f25f963518d8cb8ea209d05b4e3d559238c92d457d550b67c59b5f81555	none (byte-identical source copy)
I_RabbitPaw.png	icon_7soul1_i_rabbitpaw.101	e3c3d98834925375ded7ac3406ba05073e978957d3e058e56399c097b94a6c8a	none (byte-identical source copy)
I_Rock01.png	icon_7soul1_i_rock01.101	584b4544ca82aab0502b72e44ca88d809ecc1fc664520359b13f1ffc85266784	none (byte-identical source copy)
I_Rock02.png	icon_7soul1_i_rock02.101	5f5059710ee3d75e861a44816bbfe4f5adb9f0a2f37b282d0b1e3714c5317491	none (byte-identical source copy)
I_Rock03.png	icon_7soul1_i_rock03.101	737174e3ec2e3a0238ab65d39afc1ff818a606bb829c4c28ba7720c322fc0f32	none (byte-identical source copy)
I_Rock04.png	icon_7soul1_i_rock04.101	aa22b7d0b6f9c92403584620510a4e7c1f2cee74447ee7c92059a431f4672054	none (byte-identical source copy)
I_Rock05.png	icon_7soul1_i_rock05.101	45d8806bd6d1c918f13e6d8cfb2d7335f7b97ec61644d46b20018b22a47d9333	none (byte-identical source copy)
I_Ruby.png	icon_7soul1_i_ruby.101	39ff193337e173d215f9f5d65a71dfea2c21f60a822f60659aee58c177265184	none (byte-identical source copy)
I_Sapphire.png	icon_7soul1_i_sapphire.101	379336f11e486791a3c5c00d1de6216a1430e68195dccc1db1612e148e7a8a7c	none (byte-identical source copy)
I_ScorpionClaw.png	icon_7soul1_i_scorpionclaw.101	eb3915d88730f9e629ae4bc2e1e68dc89e61cd14ad61a151ee57d34a790bfb15	none (byte-identical source copy)
I_Scroll.png	icon_7soul1_i_scroll.101	6f4c301097fb9ca1476a1cd51e2b03fe251ecea97cddcc70b00783d4b7d4e196	none (byte-identical source copy)
I_Scroll02.png	icon_7soul1_i_scroll02.101	48f0ffb47d7eb1ab49dd292a4c6a6abec5e28e103fba9e3c3a9bd36450559794	none (byte-identical source copy)
I_SilverBar.png	icon_7soul1_i_silverbar.101	5393d11fda15cdb426c3b06ffc42007862ec9db8645887f9728c655b1c0518bc	none (byte-identical source copy)
I_SilverCoin.png	icon_7soul1_i_silvercoin.101	6d605dfd2b6120b396799e506bef1af8227691685f938cfabcbbbead370ad5b8	none (byte-identical source copy)
I_SnailShell.png	icon_7soul1_i_snailshell.101	ea93685346a93f858ddbcc54685a2f6783362c06842d28ef8111ac0d34a4d6cf	none (byte-identical source copy)
I_SolidShell.png	icon_7soul1_i_solidshell.101	0b6d209adc5dcc4a51f690e67084777165e53c49f648e8ba7c52aab3cf7bb778	none (byte-identical source copy)
I_Telescope.png	icon_7soul1_i_telescope.101	f826be96a959e2e5a81238f305b8a41de581e58db81470a92d84da8dcefcdcc0	none (byte-identical source copy)
I_Tentacle.png	icon_7soul1_i_tentacle.101	2453b078299f7c541c57b08c81d0728fa649f8ac23924cc69d66a3b8682571eb	none (byte-identical source copy)
I_Torch01.png	icon_7soul1_i_torch01.101	99802c00aed5384347b469c03750d8db93f23a8326e156d6f3f45a32abae9c58	none (byte-identical source copy)
I_Torch02.png	icon_7soul1_i_torch02.101	0ce2915a81e922bde4063d49acb6054da63e232beda9164535a3bf882ef8b5d2	none (byte-identical source copy)
I_Water.png	icon_7soul1_i_water.101	79b4d8a472f2e45eb6938f93d035b71ba841e592fd5ec53ec253ee1838bc557f	none (byte-identical source copy)
I_WolfFur.png	icon_7soul1_i_wolffur.101	1a907023adcef53d7ec0e976a1b1704049256257d8d812b3206c09efec029ea6	none (byte-identical source copy)
P_Blue01.png	icon_7soul1_p_blue01.101	91927a5bcf0a1ca8a3867a2f56c705ae81efda0b93603e2ec5931220e732d7ec	none (byte-identical source copy)
P_Blue02.png	icon_7soul1_p_blue02.101	be4015773ca861a17e7cf72a83392cf0447a636557664004a344e993cfb0520a	none (byte-identical source copy)
P_Blue03.png	icon_7soul1_p_blue03.101	5876fdf8a3cd3b926c417ad9a42d22f12797e92cd4178aad620a41fa0b5e04f8	none (byte-identical source copy)
P_Blue04.png	icon_7soul1_p_blue04.101	17bdf232e8ed8c52c02bdde7ac65672414cf4e44d859879a11603589b1ab31cc	none (byte-identical source copy)
P_Blue05.png	icon_7soul1_p_blue05.101	f8b434ebcf987c2dab61a00fdeec94b0719a4b9b8efddd8b1ce568dad40776d4	none (byte-identical source copy)
P_Blue06.png	icon_7soul1_p_blue06.101	323e3f8cc77bb3bebd5b7e258b693c4166323d5a30a2402a6fb02e5fa860e49d	none (byte-identical source copy)
P_Blue07.png	icon_7soul1_p_blue07.101	c313124a6426cf5f7276a10c2b8b0699c956fafde4fe9565e203d1cc23254d71	none (byte-identical source copy)
P_Blue08.png	icon_7soul1_p_blue08.101	153b1c96f94d3b39211f15077d0e5bbe9f5a2bd5e5e4e598cafee835f35e5aa7	none (byte-identical source copy)
P_Green01.png	icon_7soul1_p_green01.101	8fbbeafadaeb50e8b9a8b1ecea256216999d74365a4c9ed2b625cc911dafb356	none (byte-identical source copy)
P_Green02.png	icon_7soul1_p_green02.101	b06f6ab2dc256a29236f68dd22f3e5632c2f3b6157bafd6756a1624c22ff15a3	none (byte-identical source copy)
P_Green03.png	icon_7soul1_p_green03.101	e48b20b6828cbd27d05e5b0a2dcb2f9da930e367d0b6b71f91c9d9b0b50c826f	none (byte-identical source copy)
P_Green04.png	icon_7soul1_p_green04.101	3e6614fe9e34ccaba92a7de2647c9a3a5320de9a0237a6b82ac7265fcccb19f7	none (byte-identical source copy)
P_Green05.png	icon_7soul1_p_green05.101	0ad16d2aa279d5bd0783300e13454db46d46637f63ee2d26a96809ccbef99710	none (byte-identical source copy)
P_Green06.png	icon_7soul1_p_green06.101	f7d43f6cf7e5de318a1903ab0253e0cb4b5626bc48dc073b478e4f7c520a1ff6	none (byte-identical source copy)
P_Medicine01.png	icon_7soul1_p_medicine01.101	76dae21b0ce6a6058c844b7a072f632da5a1698492ec4d8dbe4070db45c3b7df	none (byte-identical source copy)
P_Medicine02.png	icon_7soul1_p_medicine02.101	857f44d87b97ec4ffe2deb3b9c171e4a77ee885e450cb8af345de28e01136784	none (byte-identical source copy)
P_Medicine03.png	icon_7soul1_p_medicine03.101	9c3ef8e6b45af70e29b693ad8995f2f0bf1d9e95996697b8aa3ab8247e65e7ed	none (byte-identical source copy)
P_Medicine04.png	icon_7soul1_p_medicine04.101	fa1ad75c68bbbd17befcadbbd7a18c435347c9a78b5023e9f9e9fd6d7ece90af	none (byte-identical source copy)
P_Medicine05.png	icon_7soul1_p_medicine05.101	033a6900b1166fd21a89b7ed917acf19725f87ff5ece7150e2d5884a0b879701	none (byte-identical source copy)
P_Medicine06.png	icon_7soul1_p_medicine06.101	f9c39323ab2b729319c1dd3aefa12cec1dda5c34a14c44ff2c2a966c87062710	none (byte-identical source copy)
P_Medicine07.png	icon_7soul1_p_medicine07.101	f8a08d550695012c88cd39ff03778739ce5cb71b6699295028e50aa591661a7d	none (byte-identical source copy)
P_Medicine08.png	icon_7soul1_p_medicine08.101	b9b1accdce165680938879286e62eaaa9576de29809a4e363d813509c7ec10b4	none (byte-identical source copy)
P_Medicine09.png	icon_7soul1_p_medicine09.101	e28b8e6118cdf77f7ee170f6630bf2468bf8ba2dfc88c06e79656996c22a7473	none (byte-identical source copy)
P_Orange01.png	icon_7soul1_p_orange01.101	6462a1819355dcfa6206bf0154b51200b2ebfc39a94ff983fd385378c2cc5303	none (byte-identical source copy)
P_Orange02.png	icon_7soul1_p_orange02.101	44f064811755ed2104c0e2a074c5f5721a0960d354cd93801c8cf15d9c32b23f	none (byte-identical source copy)
P_Orange03.png	icon_7soul1_p_orange03.101	e6464d16985d2e3cc08ee01b93f622a061b3e550efdfce90f62f977972c152e5	none (byte-identical source copy)
P_Orange04.png	icon_7soul1_p_orange04.101	1e3d4d1985c752a7e6953b30dd474a7cb9e89125be85b11d1cd844f894344fa0	none (byte-identical source copy)
P_Orange05.png	icon_7soul1_p_orange05.101	ca44bf5beb189246fafd9970734f73287b17cfbdb9ff3f1a4699bd56b9369093	none (byte-identical source copy)
P_Orange06.png	icon_7soul1_p_orange06.101	08d57c35e25f364c5e1d9b222bb174bf8cc9331ecb5c0fc376aae0a9da5de4d8	none (byte-identical source copy)
P_Pink01.png	icon_7soul1_p_pink01.101	9ea5951ce5450497887edae46801cfe7cc6002c701456b8d38682b4a240fdf23	none (byte-identical source copy)
P_Pink02.png	icon_7soul1_p_pink02.101	6e29f43f8a9f696b0b3496c2f29fe85e3b1ce6cb74bcf7f8f3a4cb2afdbfb93e	none (byte-identical source copy)
P_Pink03.png	icon_7soul1_p_pink03.101	e4ace2137123b0af432a6eb5b42af875cede4637ae5616e5a439548682bbc20f	none (byte-identical source copy)
P_Pink04.png	icon_7soul1_p_pink04.101	32d3096efa606157c692445360e6678616afadf91a0e8157df93292d748c6484	none (byte-identical source copy)
P_Pink05.png	icon_7soul1_p_pink05.101	a80b4a660c4f012d34b4080811bb79996a396948bfaf5e5e8169951ff8c3d431	none (byte-identical source copy)
P_Pink06.png	icon_7soul1_p_pink06.101	66a877f9f5834e938662b027979ff1754bed5aab6bbfeff7d975e678f156f6b3	none (byte-identical source copy)
P_Pink07.png	icon_7soul1_p_pink07.101	b7de5d336ef9c2d22146f2e6b6910f38f857bd6a2f1746c314a88c6e95531d7a	none (byte-identical source copy)
P_Pink08.png	icon_7soul1_p_pink08.101	a133f8ba5e15aa535dee51400bfcc64c7ab9463679b6d567e96779da03d5ef4b	none (byte-identical source copy)
P_Red01.png	icon_7soul1_p_red01.101	5b467b3af01a367215c5db3a129dfff672eaec8a8f49e3192034f72be03aaacf	none (byte-identical source copy)
P_Red02.png	icon_7soul1_p_red02.101	1ebe39ec8afb931f5f6ecb9fe3e22f982775c809121fe24570b822518f5c7c50	none (byte-identical source copy)
P_Red03.png	icon_7soul1_p_red03.101	7e08696a0070e502c3a012cd020bd3dfebe3c7ddb632d8e096f1c3555e160319	none (byte-identical source copy)
P_Red04.png	icon_7soul1_p_red04.101	29959cfc67453236f0c46547af788f8f652d559313a8c001d0bdc3652006fbc0	none (byte-identical source copy)
P_Red05.png	icon_7soul1_p_red05.101	aa25148912f358805950c55cedb8c92fd339170664d782efe9ceb9eba25bcea5	none (byte-identical source copy)
P_Red06.png	icon_7soul1_p_red06.101	93f8112eced1a9bb50609431c185627a958d5a3ded878add4ac34f0359b524f6	none (byte-identical source copy)
P_Red07.png	icon_7soul1_p_red07.101	bbb4b3394e181bfeb31b67e8bd54a573c615fedcdb7768649428d3f2cf29d2b0	none (byte-identical source copy)
P_White01.png	icon_7soul1_p_white01.101	d3ce174249b2a7ea3f6c8fd8b9befebeb72f8bf1bf5e9fa46414201b4402312f	none (byte-identical source copy)
P_White02.png	icon_7soul1_p_white02.101	229e84a54eeb6f45b08fa95612e0dde52affb0d3e610933cc5c0d2d93d99d009	none (byte-identical source copy)
P_White03.png	icon_7soul1_p_white03.101	7f71d0d13588a3ce0557603937187e53e9e5b845d6ba901075d522dfba377394	none (byte-identical source copy)
P_White04.png	icon_7soul1_p_white04.101	78185a93a4226aead905fe770a81fe74e03afe8ef18eb16273163bce225cea8e	none (byte-identical source copy)
P_White05.png	icon_7soul1_p_white05.101	d4db11b15d3c4926efdba9feed5677d0c9b73071afd8ed1b63ead52076f4d5b2	none (byte-identical source copy)
P_Yellow01.png	icon_7soul1_p_yellow01.101	4fd1d1b1c2f311764a0a31381953d27539e360a5f8dfe15a22d9eb3a94c3eac7	none (byte-identical source copy)
P_Yellow02.png	icon_7soul1_p_yellow02.101	020e615afe12431d66bc4aec08253f8c14f63062855de1147be50bda50a8a79e	none (byte-identical source copy)
P_Yellow03.png	icon_7soul1_p_yellow03.101	1599f0fdeb57a4f2c56563e76c1b67bbd00120bf8201bce8a496787ff9bdb1f3	none (byte-identical source copy)
P_Yellow04.png	icon_7soul1_p_yellow04.101	4d09d965af040cdf1b349f3bcc61c21927e0d47458fa20b6f95c8f656fb24365	none (byte-identical source copy)
P_Yellow05.png	icon_7soul1_p_yellow05.101	b730d98097564c8c8fbe90d36a69bb3b21139aa0894a59765391951a8fc9fadd	none (byte-identical source copy)
P_Yellow06.png	icon_7soul1_p_yellow06.101	4bd4783631d4c5bcc771273a43bd4d42b1130fc4f7dd0c463f3b3400fdfba716	none (byte-identical source copy)
P_Yellow07.png	icon_7soul1_p_yellow07.101	a9eb5b570925f5a7e0879b20f5ff39f1d6a4c637203492436a53de736a219891	none (byte-identical source copy)
P_Yellow08.png	icon_7soul1_p_yellow08.101	ff3f781f6d38932880224b957435af27baae38e53aaa15f2d31c6af9036cc8e0	none (byte-identical source copy)
S_Axe01.png	icon_7soul1_s_axe01.101	d0b4be087676159e5dcfc6103eeee2520bc215aefda5f9df19b7cade9e24b371	none (byte-identical source copy)
S_Axe02.png	icon_7soul1_s_axe02.101	dfacc7e42956d55bf472cc1dcd38e4b2a86b55e0c6882d240059e89fb34edcde	none (byte-identical source copy)
S_Axe03.png	icon_7soul1_s_axe03.101	62525be188283ddebd5ea99d13d31855d32b858e732e70124f59d37e28e5ff0a	none (byte-identical source copy)
S_Axe04.png	icon_7soul1_s_axe04.101	648be5ac69e3604b9f51aba53448652107b3a8edaa71ba754bdd66afd1203130	none (byte-identical source copy)
S_Axe05.png	icon_7soul1_s_axe05.101	9e9f459e1421d78906c1e6ca0af4d63028b2ee48722ce9dafb3137a5b9776ee8	none (byte-identical source copy)
S_Axe06.png	icon_7soul1_s_axe06.101	0eb2adb097571ff357e19cfe3340d172cd9150506341253caf123ced8a2ef6a4	none (byte-identical source copy)
S_Axe07.png	icon_7soul1_s_axe07.101	c2d673000b71ad205d80a785f48edb4755186bbd6aede52b0c6e09004eff14d0	none (byte-identical source copy)
S_Bow01.png	icon_7soul1_s_bow01.101	be8339abef287adc4bd762cf33018a16943bf9579e4050fe1b173c137d0a6fb3	none (byte-identical source copy)
S_Bow02.png	icon_7soul1_s_bow02.101	ac93d215d88de6438e81bcc980905c444fc20e2b3c22782c11085a2b75bedc7c	none (byte-identical source copy)
S_Bow03.png	icon_7soul1_s_bow03.101	13afed8966249f42bc543b861f45151830525307a1fad9e23b9be3a4f61e4e7d	none (byte-identical source copy)
S_Bow04.png	icon_7soul1_s_bow04.101	4a5331df18dc59d8b2d29dfcba93a6308a4526770855dc3d322f3eb85744ffc7	none (byte-identical source copy)
S_Bow05.png	icon_7soul1_s_bow05.101	16c5c48f503aa30a18a477a99073d77fdc513f8c3ce20b25fae72719184af194	none (byte-identical source copy)
S_Bow06.png	icon_7soul1_s_bow06.101	9f9f3325484a5383b6c6bcaa1d35c6762d85d84210a29c09ac6e16865a5554c6	none (byte-identical source copy)
S_Bow07.png	icon_7soul1_s_bow07.101	79a66b1df647b263ae339ae604da42b5d9db830dd7981507a024e49a7b358006	none (byte-identical source copy)
S_Bow08.png	icon_7soul1_s_bow08.101	1802f7ab592866d86882649ec6fb384ae8b06cc22389c8cbf280f6dbd5d3ad57	none (byte-identical source copy)
S_Bow09.png	icon_7soul1_s_bow09.101	a8e958fde71510880ba94d145fdfc2334d47163b91fc37036bf2937d631fddce	none (byte-identical source copy)
S_Bow10.png	icon_7soul1_s_bow10.101	23b0b4e7ffc5d178fd2688fb010ea459ee90c858cfdf88772fb9c1ee72069183	none (byte-identical source copy)
S_Bow11.png	icon_7soul1_s_bow11.101	3d2b7cca46aada3696e6d23791696a4645c3c078f7e3227fdb10937ea74661e0	none (byte-identical source copy)
S_Bow12.png	icon_7soul1_s_bow12.101	1ee230596b2a8878bc323d510ff510b6c1e3b20cc65d714d732920472318d9fe	none (byte-identical source copy)
S_Bow13.png	icon_7soul1_s_bow13.101	23c81176a6450217ce775e1e10244b583f91527d090f0085c06d282901117e10	none (byte-identical source copy)
S_Bow14.png	icon_7soul1_s_bow14.101	cba38e1db8c90186f65da1ad15c1f153ef4f86116f472579df42f4e18b04601c	none (byte-identical source copy)
S_Buff01.png	icon_7soul1_s_buff01.101	1013bc1908bdb685735821020796dec607e43d96a686b1ecc6fec368d8ae9c5c	none (byte-identical source copy)
S_Buff02.png	icon_7soul1_s_buff02.101	1588ee30c639ca0f69b5c3cc8b8510f38d1a99439623c29dbec558f4d635930a	none (byte-identical source copy)
S_Buff03.png	icon_7soul1_s_buff03.101	93b91947d12d5684a48d8391988365c378c982313af9506a939d57ed0036e6c6	none (byte-identical source copy)
S_Buff04.png	icon_7soul1_s_buff04.101	e8d73b630a69dd66774847b8d544fc531a55929174a8233000a0ee0ad6855345	none (byte-identical source copy)
S_Buff05.png	icon_7soul1_s_buff05.101	3b48a0e9994ece8aab727469782f60d0de75ea0cd934cea1954d283d45d2627a	none (byte-identical source copy)
S_Buff06.png	icon_7soul1_s_buff06.101	6eb73cc24328beb31780b48d88e0628aaa9f1852ee9c99eae1fb1fd792ab325c	none (byte-identical source copy)
S_Buff07.png	icon_7soul1_s_buff07.101	6eb73cc24328beb31780b48d88e0628aaa9f1852ee9c99eae1fb1fd792ab325c	none (byte-identical source copy)
S_Buff08.png	icon_7soul1_s_buff08.101	1db4ee9a03f2cee5193b435020212c50a9c63df03da2bf8a7be14bae53414a0e	none (byte-identical source copy)
S_Buff09.png	icon_7soul1_s_buff09.101	8e18ffbe623badc426a06bcfffe12782340be6efa2725971e2ebabf69730fcc1	none (byte-identical source copy)
S_Buff10.png	icon_7soul1_s_buff10.101	31c82b0ec4be67d6e313a328b662acc0a97b3a9415d2f223d5ae438db2cda94b	none (byte-identical source copy)
S_Buff11.png	icon_7soul1_s_buff11.101	1384e2226981a7f117642e96aecc83d0fe031cf26404a9dafeb95c3c22457a0a	none (byte-identical source copy)
S_Buff12.png	icon_7soul1_s_buff12.101	fc9214362d4ad3293b60ea9195ccf44678fe9d7c4e1f3cfe34eb0102e6a0771f	none (byte-identical source copy)
S_Buff13.png	icon_7soul1_s_buff13.101	b24f55f5288a4e2071d26cde3190c0b2c11dfdfac9d70d31a8f44aacb7d94af4	none (byte-identical source copy)
S_Buff14.png	icon_7soul1_s_buff14.101	60dc45eb4d4bf9a620067766252aa4e58440301eee852d014ec0e417d5f8675c	none (byte-identical source copy)
S_Dagger02.png	icon_7soul1_s_dagger02.101	c69c9e445b2b826d9ee74c768806837e6fb4512bb6e9d5c973f4d582d2cfde07	none (byte-identical source copy)
S_Dagger03.png	icon_7soul1_s_dagger03.101	f764e5a7a4db37ec3e16a7a40aa355ce134d6c90fb352c7b98d071aa38f2bebd	none (byte-identical source copy)
S_Dagger04.png	icon_7soul1_s_dagger04.101	556ef39ff01e268d75a47b92b968d94553e871992501bd739671498513ad5888	none (byte-identical source copy)
S_Dagger05.png	icon_7soul1_s_dagger05.101	fd343b7cd9f5249a08515ea6a690793df95c7d7dcda353b0da57f2de864bfa9d	none (byte-identical source copy)
S_Dagger06.png	icon_7soul1_s_dagger06.101	1e51b04ace7a4be7a504ee59442413a7bfbcf4197a6cdbf1d7d84a0fa97e67c5	none (byte-identical source copy)
S_Earth01.png	icon_7soul1_s_earth01.101	e0820c8ec43b8e40412fb0c7178a275703151814405666216e055f2b23699e05	none (byte-identical source copy)
S_Earth02.png	icon_7soul1_s_earth02.101	d53c595cc3ad9f8c2cd9ace3180600a5d57965fae9caed3804dcdff3426e1ccf	none (byte-identical source copy)
S_Earth03.png	icon_7soul1_s_earth03.101	61b2f3e926d2374b39f44dca1d2397f6560a7c399ad870dc898f1d1beab86853	none (byte-identical source copy)
S_Earth04.png	icon_7soul1_s_earth04.101	24650125d0510b69a1bea9155b1981d36e7775161e949d7b2f5fd23f83dd822c	none (byte-identical source copy)
S_Earth05.png	icon_7soul1_s_earth05.101	0e11ed5073b2b7729aead91541d2dbb068113c16883b7511cc5352f79216046f	none (byte-identical source copy)
S_Earth06.png	icon_7soul1_s_earth06.101	71bf2e21cc0511f6ee359b4d5f9d7e6a7b0160b7a902cc8f3703bdb5a3374c53	none (byte-identical source copy)
S_Earth07.png	icon_7soul1_s_earth07.101	b91287f6dc8a5015ae567faf2bc0bf56edc041be2bd2f4650826eb8265fe270e	none (byte-identical source copy)
S_Fire01.png	icon_7soul1_s_fire01.101	cbabe7f1ea878ddddff1978b77bbc88a2aa614ffdb861c99b8e970809db90a8b	none (byte-identical source copy)
S_Fire02.png	icon_7soul1_s_fire02.101	5473ce9f62471c3901b2990ce3c76b4002ddb4c8708d123e3abab4feb4aa4d00	none (byte-identical source copy)
S_Fire03.png	icon_7soul1_s_fire03.101	9aeb3edb65180e6ce492b3609e8eb4b5fcd2c3d8e67769b4571787caa4c40ccd	none (byte-identical source copy)
S_Fire04.png	icon_7soul1_s_fire04.101	b7e47726bca224d62093c8475273211cfd8ad10818bf221b4c21f5cb2250d033	none (byte-identical source copy)
S_Fire05.png	icon_7soul1_s_fire05.101	78ac8b2a304607608816378211bbf1aff6eaf70b8faa422b2b7d618e0c53d975	none (byte-identical source copy)
S_Fire06.png	icon_7soul1_s_fire06.101	e64b1d7ee82b4c91072fdcd1a122bb351f938ece408fca408709ae2eed0f813e	none (byte-identical source copy)
S_Fire07.png	icon_7soul1_s_fire07.101	82ccd5a201d226a4cb2d670f79d3bf3a7ac6ffeb16e13362e63804b01d598750	none (byte-identical source copy)
S_Fire08.png	icon_7soul1_s_fire08.101	86cf82d2242d07e85009fe9bb4182979b84c1e8b997effb2f7bfa6ee9c72ece6	none (byte-identical source copy)
S_Holy01.png	icon_7soul1_s_holy01.101	d7004f68bf94dd056969c2163e02b36b4bc45c8ee43a18d2d9907bb02b41cdda	none (byte-identical source copy)
S_Holy02.png	icon_7soul1_s_holy02.101	e70c3748b758403766f6d81e5bf13bbbdea1120107eccd0eb9784c86784b1b95	none (byte-identical source copy)
S_Holy03.png	icon_7soul1_s_holy03.101	8702ae047bc30ce7bd9d0888099ed309528eacc710a9c73b60993d59536c9d7c	none (byte-identical source copy)
S_Holy04.png	icon_7soul1_s_holy04.101	3613a6daadc951a91615296c39c4597d8435937dc724e58bffad91607faa0dad	none (byte-identical source copy)
S_Holy05.png	icon_7soul1_s_holy05.101	d155eccdf67eb7fabb68918e1deb5a84c0cd6fc0f2498e8a38317579e71aab9b	none (byte-identical source copy)
S_Holy06.png	icon_7soul1_s_holy06.101	be5b41ceb1aa14adbf649ec4c5410510d1c956ad86671fefd7d54192aeac1122	none (byte-identical source copy)
S_Holy07.png	icon_7soul1_s_holy07.101	9a86ebca9ac3fa56457da25502fb7af32c92a4cffacb7168719a9af4afd9eaf6	none (byte-identical source copy)
S_Holy08.png	icon_7soul1_s_holy08.101	c75f4f37f88c4aacdc18290538575e784300606ee84a05f0fa86f0f3cb1e2ccd	none (byte-identical source copy)
S_Holy09.png	icon_7soul1_s_holy09.101	be75ef627ee427afa13241cc1a11af338c3ca85fcd800d7a986d439e723afae2	none (byte-identical source copy)
S_Holy10.png	icon_7soul1_s_holy10.101	fd451ae53abe3feabfc04b17b0f737e1266937d7a9e7b98ae4539e0313cdb173	none (byte-identical source copy)
S_Ice01.png	icon_7soul1_s_ice01.101	a89638ad22a13d698f0b04c8b234a801cbeddddf9cea62165310d3c0275abfa6	none (byte-identical source copy)
S_Ice02.png	icon_7soul1_s_ice02.101	2383c060a833b328846a5ad4e7c1cd4a8708a429c51fba45ed911d68ea65b7b0	none (byte-identical source copy)
S_Ice03.png	icon_7soul1_s_ice03.101	10004c859e244462fc4df105fdab245fe6d94fd9ccb9507715a6f17507d51fa6	none (byte-identical source copy)
S_Ice04.png	icon_7soul1_s_ice04.101	7d4e0a7597dc30e94a421c004cc420379405cb9cefbffc37659e91503c69aa6a	none (byte-identical source copy)
S_Ice05.png	icon_7soul1_s_ice05.101	76608080c118cd2363d0ce1726558705c8ab9fef8d0ea5f5ce911b5d5f2cfb7b	none (byte-identical source copy)
S_Ice06.png	icon_7soul1_s_ice06.101	5cfeb32dca8ca564d264b4a28c61452017af5205acd6e4f0772434385b972e30	none (byte-identical source copy)
S_Ice07.png	icon_7soul1_s_ice07.101	1146d0b68cbf662e7e8552b794f831895e8a78234a97fc330669f92b8a415dc3	none (byte-identical source copy)
S_Ice08.png	icon_7soul1_s_ice08.101	9f44547f9512ca0603eca279b91dbe83463b1281b656455238206c7b9fc7d32e	none (byte-identical source copy)
S_Ice09.png	icon_7soul1_s_ice09.101	ed485182a13701796aae68910a5eda3c78a844088bdd9fcca2028d010e04e6b9	none (byte-identical source copy)
S_Light01.png	icon_7soul1_s_light01.101	d23541d53e24369001911e12542ddf30777982d20388bc143fca34e9885a2fd4	none (byte-identical source copy)
S_Light02.png	icon_7soul1_s_light02.101	84216d7fa9eb13a94a0a24fbe1659ce7f4ae1d73acf5c3f88cd6596a357e93e2	none (byte-identical source copy)
S_Light03.png	icon_7soul1_s_light03.101	6f06fa7c62df2690f7d580bb3c3629777e2fbd6bfa71ef0db01cc774a61051c4	none (byte-identical source copy)
S_Light04.png	icon_7soul1_s_light04.101	7cd9db1fb1ac4b1a6f21233e748bcc6c5fbf841da58e37a55e159a2d7ba93e5a	none (byte-identical source copy)
S_Magic01.png	icon_7soul1_s_magic01.101	8541b8222de1b13aa42eaff5749f1f7f308d2c25de6ca48c9b5b7ca60d54ad28	none (byte-identical source copy)
S_Magic02.png	icon_7soul1_s_magic02.101	960dd7497215cadebfd8aa827d999c1ebde631f2a475677512c42155dab8b2d7	none (byte-identical source copy)
S_Magic03.png	icon_7soul1_s_magic03.101	a3a361eacca85b4e5d00e699e2d45cec2e92285fe70bfd446de44e3fe2e78c51	none (byte-identical source copy)
S_Magic04.png	icon_7soul1_s_magic04.101	d1cd4d462a12f5d7b7615724f2b3e089b9ddb2b7fcc398ed2d1a8f8df2dff903	none (byte-identical source copy)
S_Magic05.png	icon_7soul1_s_magic05.101	0fca58726e2f3dcacc8ce36ec6f9d1ca1a11ec8097ee333709ae97d5f8e57ea0	none (byte-identical source copy)
S_Magic06.png	icon_7soul1_s_magic06.101	151119dc9e7b518c6d08afd95a010c29b6960e0073887f03f6bc46509698b998	none (byte-identical source copy)
S_Magic07.png	icon_7soul1_s_magic07.101	85a1bcff32d866c6586e345d1670956c52031ea17e39185005dac2a9e6174b96	none (byte-identical source copy)
S_Magic08.png	icon_7soul1_s_magic08.101	547ee93c59f0d68b0b88588409e18d008a44c2492a34026284aed8109042bb1c	none (byte-identical source copy)
S_Magic09.png	icon_7soul1_s_magic09.101	c57dc2f43908e4ca7f034a9a5c5186baf92adbacc7cd8d4540edf5edac6753f7	none (byte-identical source copy)
S_Magic10.png	icon_7soul1_s_magic10.101	bca4d5f365accc07934c43745ed6d5150b18fcf90e2d632a0c7b24f86950eeda	none (byte-identical source copy)
S_Magic11.png	icon_7soul1_s_magic11.101	4f70faa2b1b4abf9473c50f432e1efa2617cadbb99ea2b6102827e3df864d20c	none (byte-identical source copy)
S_Physic01.png	icon_7soul1_s_physic01.101	a7c686c0d8eb3ecf5915a9c439ba5d87f68c2432b5462084f681804cc58a4714	none (byte-identical source copy)
S_Physic02.png	icon_7soul1_s_physic02.101	cb97d3cf7ba70b43f4835908020e689319581c8be8efc7013f0193a38f40d139	none (byte-identical source copy)
S_Poison01.png	icon_7soul1_s_poison01.101	54d37656c8eafa676007903a98546327b610cefda1f7cb2139b13bea8fe46cb1	none (byte-identical source copy)
S_Poison02.png	icon_7soul1_s_poison02.101	8c4f33c6f0b097527f8514cc6ff2ffd69854a301bd5671e4d91352519853a589	none (byte-identical source copy)
S_Poison03.png	icon_7soul1_s_poison03.101	fd6bc999876596ce9cdcc3e0d00d69df65eb60fadf6b055cac53a63599a4a1b3	none (byte-identical source copy)
S_Poison04.png	icon_7soul1_s_poison04.101	ef30e5c67007f45aac4df5675af462c4749df75adc41e8852d36216700d6581e	none (byte-identical source copy)
S_Poison05.png	icon_7soul1_s_poison05.101	1750c2d67e5203bb841e6a3c5bb3343ae5baf81b2fe955b990fd37c6544d517e	none (byte-identical source copy)
S_Poison06.png	icon_7soul1_s_poison06.101	1a0c38e95f6c59bf86fc1f823916485dac35d5e675bccedc338e2e5b007ec41c	none (byte-identical source copy)
S_Poison07.png	icon_7soul1_s_poison07.101	d7f64b67cf6e4bc156e2b89e905b5a78c348716062bfd93e90e4c28dc401e31e	none (byte-identical source copy)
S_Poison08.png	icon_7soul1_s_poison08.101	4798f0e4cdf7ccb7d71f6b5367b67f46a97b59c07780c4c117b0adb236009625	none (byte-identical source copy)
S_Poison09.png	icon_7soul1_s_poison09.101	9787be097f9cc79805bb9d90b096e5dfabde0c94df86dfed6d402b67b4127483	none (byte-identical source copy)
S_Shadow01.png	icon_7soul1_s_shadow01.101	adc1b903a55c6282a93ecde60d53521fcb6159a8e11df3abccea6736743a8003	none (byte-identical source copy)
S_Shadow02.png	icon_7soul1_s_shadow02.101	f72bc8f3a2d5d518a8e3bd9457fcdb543c603005de016a6fbd053c6c5bd8553f	none (byte-identical source copy)
S_Shadow03.png	icon_7soul1_s_shadow03.101	620af25b11232e7733d410943c3b53ffa7b3138061ecda88885158e00bd5c183	none (byte-identical source copy)
S_Shadow04.png	icon_7soul1_s_shadow04.101	c249ec97795d4a6c838d7f5dcf52d1a0a95a10a1d12a66e4ad7b17dbbf89af85	none (byte-identical source copy)
S_Shadow05.png	icon_7soul1_s_shadow05.101	87bdd76fb780a1a5bc8d75deec2a701e37f1374ee08cda8cb02504aaee56018a	none (byte-identical source copy)
S_Shadow06.png	icon_7soul1_s_shadow06.101	5a5d926ee1d9654ae72be05f9eec003e617f56bd3985cf5f30403d6a03881613	none (byte-identical source copy)
S_Shadow07.png	icon_7soul1_s_shadow07.101	5a2e3b6912bdf1d3684b449f8c1b8a095d42b82dccf9f8e72021deb427605f6d	none (byte-identical source copy)
S_Shadow08.png	icon_7soul1_s_shadow08.101	8c452fd115735b33bc9bdef8347e0d6020ae6e7d9c2f7553c807f3eb7695b320	none (byte-identical source copy)
S_Shadow09.png	icon_7soul1_s_shadow09.101	ad2ac5cf1b1abb7aa40ef51b38b76b0030c92da4e6325641ce6e891c631a52e8	none (byte-identical source copy)
S_Shadow10.png	icon_7soul1_s_shadow10.101	2b95a4e707367e499bd9bad446ce2d19959e0a9574ce113127f2955be5d54b55	none (byte-identical source copy)
S_Shadow11.png	icon_7soul1_s_shadow11.101	a059d8dce3704c603d81d55f861a7923a7c01f7073f55fccaa5c72a1e73439f9	none (byte-identical source copy)
S_Shadow12.png	icon_7soul1_s_shadow12.101	aac33c65556636c5cd6d3510b7422607960b1d2d89588872c2ec03d7ab4539c6	none (byte-identical source copy)
S_Shadow13.png	icon_7soul1_s_shadow13.101	6a3eb1a2d4d1c142738935ffa6a8b988c276c96e7df28d4aaf5b5ee7725c8671	none (byte-identical source copy)
S_Shadow14.png	icon_7soul1_s_shadow14.101	afba8c3f8ee54dafc5a613535fb65748e38b24e75664e2f220e21c9beead2593	none (byte-identical source copy)
S_Shadow15.png	icon_7soul1_s_shadow15.101	0c5e6163df7446070255697e7ba7425be86204bf27544b63c4a0706826bcb111	none (byte-identical source copy)
S_Shadow16.png	icon_7soul1_s_shadow16.101	d6ac73345b2761bd5c69b25ce59f242c3b7d33bdfd001b35a2a62a7c83755301	none (byte-identical source copy)
S_Sword01.png	icon_7soul1_s_sword01.101	b52989e798b23ea7e759a43db3716879c23e1b716eb21a8925874b0d4f412a35	none (byte-identical source copy)
S_Sword02.png	icon_7soul1_s_sword02.101	77004dd8aa2ba8939b74963f109d8b8df0dc5da97a99c31255e79e80ab7ebf9a	none (byte-identical source copy)
S_Sword03.png	icon_7soul1_s_sword03.101	73fb07f42dcf1fab20b2e4ac72fd59344200e17d08d51c432dd1299ffb6164ee	none (byte-identical source copy)
S_Sword04.png	icon_7soul1_s_sword04.101	76016e0281b1a19d17a0e777db00eb9e42bb9bd26dd9f4a808fd80a517dddcd5	none (byte-identical source copy)
S_Sword05.png	icon_7soul1_s_sword05.101	0cf88cf7e75b94f739c425bd0e3e95db48cf7aa26dc71465e8e051845d8a8689	none (byte-identical source copy)
S_Sword06.png	icon_7soul1_s_sword06.101	56c45107d6d375511c5fbe43f0589077e9a7e0b84c489c8124f23c80c231ac68	none (byte-identical source copy)
S_Sword07.png	icon_7soul1_s_sword07.101	920ec50313b79ea29336b05cf09dae0e5a1f7271b4082677a28cd1aa13e01755	none (byte-identical source copy)
S_Sword08.png	icon_7soul1_s_sword08.101	2299bbddc59627c51b2614a31eff488f41aa65684960b66b1ac9d41b8d5f1509	none (byte-identical source copy)
S_Sword09.png	icon_7soul1_s_sword09.101	1e95923421c7c2a0bf6d3725b1d8e526480214af55dbf3f4f68ce7b2179f35f4	none (byte-identical source copy)
S_Sword10.png	icon_7soul1_s_sword10.101	b61265be732264c63d5e0f9e5a356b0229f3cbd20059fd0e731e2d5d20894d8d	none (byte-identical source copy)
S_Sword15.png	icon_7soul1_s_sword15.101	b98ef0601409fdf1e33c034f4a7e366c9480fc44fd1daa13a61a2b0d9f1d66b3	none (byte-identical source copy)
S_Sword16.png	icon_7soul1_s_sword16.101	33a1bba8b7053e9e8ba7a2054e58e6e16defa5725607a30646bf568fe6ec156b	none (byte-identical source copy)
S_Sword17.png	icon_7soul1_s_sword17.101	99c52533fe2ee53ce07f19f8802abaf86075d8a3201bcdc0f0b2b544582116ef	none (byte-identical source copy)
S_Sword18.png	icon_7soul1_s_sword18.101	7a0c657e7c898f3233c80f4d23ef08bd1a0419cfcb8d53ab9cf925b33376ce4d	none (byte-identical source copy)
S_Sword19.png	icon_7soul1_s_sword19.101	ecf44d755fa87ccf60a9e47cb8353d60872b2502ad22b79b65a817804cc3a74c	none (byte-identical source copy)
S_Sword20.png	icon_7soul1_s_sword20.101	281e10028b72671b2af9faa63329d4829da6ce10d90a64ce91b9f7aed59f293f	none (byte-identical source copy)
S_Sword21.png	icon_7soul1_s_sword21.101	1f2dd7f6d7549bfe9b1167ca0cb98e7112dc245ff8adf8ccea4aa1234115b86c	none (byte-identical source copy)
S_Thunder01.png	icon_7soul1_s_thunder01.101	a7c220828a02b502f3851a2f8a035298ae44993e69e63eccfd1e689b5efb8451	none (byte-identical source copy)
S_Thunder02.png	icon_7soul1_s_thunder02.101	b8076ba1ec9ec952841b0a9e9edac201c15f9822dc5497ffbbdf5a7e62843446	none (byte-identical source copy)
S_Thunder03.png	icon_7soul1_s_thunder03.101	9962436c8671f8f91d22254a1c2416fbf3125d30e499f5610a2592b1b86e8765	none (byte-identical source copy)
S_Thunder04.png	icon_7soul1_s_thunder04.101	763e20fa1ce28403189a0964a238048eb25fb41762cd6300fafd20b44cb5b685	none (byte-identical source copy)
S_Thunder05.png	icon_7soul1_s_thunder05.101	4acbe596867afe0811ef7d9c3e318777c046cb0f85e3045a55122d8e3b7c1269	none (byte-identical source copy)
S_Thunder06.png	icon_7soul1_s_thunder06.101	167fda4039a8ccc2090e183f38a257c9a1519785110330a218d85ee24b65ccef	none (byte-identical source copy)
S_Thunder07.png	icon_7soul1_s_thunder07.101	9ca8972ceb8d84dc8599badd5151b2c21f815f330e4c1209e5254a08a9669d21	none (byte-identical source copy)
S_Water01.png	icon_7soul1_s_water01.101	cca9bd91bcc9e684a3657956c52d486b8f0abd3180c1d82257fb99c8eb9e70c6	none (byte-identical source copy)
S_Water02.png	icon_7soul1_s_water02.101	419cd9012285475a99d59fc48bf0402ae3a95531a3e229a1fd8066033552b499	none (byte-identical source copy)
S_Water03.png	icon_7soul1_s_water03.101	74e4ad9d07d53801ae0cea4d59bc4d8047ef9d1ccab01cef346b94a3fbf8ef0c	none (byte-identical source copy)
S_Water04.png	icon_7soul1_s_water04.101	70ffb48e86439f469dd46afcc66867d35b016626784e13b458a4e36488f07861	none (byte-identical source copy)
S_Water05.png	icon_7soul1_s_water05.101	1daa85a6ad24207881fde9dfd782da0557355b8b95d973359e112267f39a8ad3	none (byte-identical source copy)
S_Water06.png	icon_7soul1_s_water06.101	7372195a55234ddd77397ee64100d802d9674468bb7f5373384fe3e6f4041df5	none (byte-identical source copy)
S_Water07.png	icon_7soul1_s_water07.101	f034c4b77e17fa472e09f54f75b4993d0e94255373593b954c2938df02bafdfd	none (byte-identical source copy)
S_Wind01.png	icon_7soul1_s_wind01.101	04025c4f95d06af1c113118379bf00e86abd92dbe4ee4ad1fc0951b74e3fbaa2	none (byte-identical source copy)
S_Wind02.png	icon_7soul1_s_wind02.101	dbee829c541b46cfb22ad54af7382e283bcefa7eeb03c889f37cdd6be20b6fa3	none (byte-identical source copy)
S_Wind03.png	icon_7soul1_s_wind03.101	1e7604a1d4b57130f6d57cd9f5c193f135851feb471b9defa2454ceb4078aa5f	none (byte-identical source copy)
S_Wind04.png	icon_7soul1_s_wind04.101	0cdedada0a3006508adb3a225aff654b49540d034ba1715d351c32b349b40438	none (byte-identical source copy)
S_Wind05.png	icon_7soul1_s_wind05.101	3d02484e768b2da73e98f81fe9b0a7c48d0883355e4b54bc54f40ca772e6c555	none (byte-identical source copy)
S_Wind06.png	icon_7soul1_s_wind06.101	3487213c27a3b30394a83764fadd6d0ab8161e37c9988cd3ca375d7774d780b4	none (byte-identical source copy)
S_Wind07.png	icon_7soul1_s_wind07.101	c8a46196961798fa8de9ff36437cca8ccde06d2e0cb4c1c39d19cfca2f22b54a	none (byte-identical source copy)
W_Axe001.png	icon_7soul1_w_axe001.101	3b8a1e7f8960ae7c9a0bfbe5d2ec2571e70dc687618394a52b901fd8de0ab881	none (byte-identical source copy)
W_Axe002.png	icon_7soul1_w_axe002.101	ea5fd58c07aad02083eb27f5f313102e7b3c695dd574a5d6ac1ca4ffc5db3b19	none (byte-identical source copy)
W_Axe003.png	icon_7soul1_w_axe003.101	63221af45528a0fc4b57c6e9d8c713a7bfadcd9627fc93f25a2954078b4e518e	none (byte-identical source copy)
W_Axe004.png	icon_7soul1_w_axe004.101	c69ad3f8045986d0ae51a1c9c34933db9d3fc35e6274bda84b1a2fb0c709a56f	none (byte-identical source copy)
W_Axe005.png	icon_7soul1_w_axe005.101	faae8023fd0ce8ee08f6f40ecced6173caf92237c6e0917adedfa11393564791	none (byte-identical source copy)
W_Axe006.png	icon_7soul1_w_axe006.101	b1102d78727e845fa1c34cbbd5eafcfd64ca7b6dc211e4baf803cd8f6e5efb37	none (byte-identical source copy)
W_Axe007.png	icon_7soul1_w_axe007.101	ea9ece25a5a3427c4f1c3948073abd0d0199a94354a125be33f76e1068279165	none (byte-identical source copy)
W_Axe008.png	icon_7soul1_w_axe008.101	37a6860f4deb1cfa06ab303024c2a5f6e977f8d92ecf436a12df892a834c1441	none (byte-identical source copy)
W_Axe009.png	icon_7soul1_w_axe009.101	34d5d8565d913d754f33ce9890e8157a3e1ae78d3d1d1c702e9d41e83bb591fb	none (byte-identical source copy)
W_Axe010.png	icon_7soul1_w_axe010.101	a152f5603f2e767c1af80cb15a406b03f521fec17989cc024db4eb9d5b09622a	none (byte-identical source copy)
W_Axe011.png	icon_7soul1_w_axe011.101	f106b0bb4c0e737e6cfa6e2b7b5a7f6d5381ff05c7630aef79b181bda02aaa7d	none (byte-identical source copy)
W_Axe012.png	icon_7soul1_w_axe012.101	7d8ad8867877f76220aacabb433c8f21979804057089adeac1f872fc86cc7cf0	none (byte-identical source copy)
W_Axe013.png	icon_7soul1_w_axe013.101	3ef7b6de692fad7a4fbddfd14d01651ad72380346c69cea40a0f5147b9accc42	none (byte-identical source copy)
W_Axe014.png	icon_7soul1_w_axe014.101	150e500c5555fccb270d28188d9956f477dcdb5ac600ededcc0e3291110e217b	none (byte-identical source copy)
W_Book01.png	icon_7soul1_w_book01.101	e507f75027c8643d85e541c20913330bddc106b3fdeabe09cebc4ea874b95d6f	none (byte-identical source copy)
W_Book02.png	icon_7soul1_w_book02.101	83ef4e6be2d79538c951f34288214a02c232917ea2a1c85082359a8e39899e77	none (byte-identical source copy)
W_Book03.png	icon_7soul1_w_book03.101	ad3a04997e99f134771689e398ab5dbe63d39cd08a3495c582c5627b02b9ab62	none (byte-identical source copy)
W_Book04.png	icon_7soul1_w_book04.101	bae91c6ba4a573a9abca322198dce1e0224bb54d508cc6617da8f4e0fc5f5fd8	none (byte-identical source copy)
W_Book05.png	icon_7soul1_w_book05.101	f2315c661ba0c4916a679ae520671ae7f4bae2bbbb84a2a8e6567568dfa5ba2e	none (byte-identical source copy)
W_Book06.png	icon_7soul1_w_book06.101	e652c7b87ea8fbba09c0942457b3318e0450ca7a3177adb0a8193e3f803be32c	none (byte-identical source copy)
W_Book07.png	icon_7soul1_w_book07.101	bd293f5388ee0cba54aa20c6b387ca4a5295033ee0e50160b2105d009d8580a2	none (byte-identical source copy)
W_Bow01.png	icon_7soul1_w_bow01.101	fcdde5a3b95a446e9d3915f6f64f8f4c49485540a01fcca431e6a50246ae00cc	none (byte-identical source copy)
W_Bow02.png	icon_7soul1_w_bow02.101	34bdda75aa5e7b5d0b2505d7b9fc65e02fb87c6ff90bb4dad73a0ae94aceac8c	none (byte-identical source copy)
W_Bow03.png	icon_7soul1_w_bow03.101	e17f635338a4a8f3ee9d508878bfb1b5ff95dca52820e34830f6bb3c26928b6d	none (byte-identical source copy)
W_Bow04.png	icon_7soul1_w_bow04.101	bf48e73a7b420fa63d20c1cd17ee2ca5a1fc3c6d1310a6765f6152cdf5b6f576	none (byte-identical source copy)
W_Bow05.png	icon_7soul1_w_bow05.101	347a138caefa546264f51fabe8234dd6076491380c71e4aa4eb43edf826a0f0a	none (byte-identical source copy)
W_Bow06.png	icon_7soul1_w_bow06.101	d488205a6d037eea6f6b631793ae2dc330787f211711171ad71647a2429aa114	none (byte-identical source copy)
W_Bow07.png	icon_7soul1_w_bow07.101	45a868aefdd079ffe69736d03c03430ed3d6e4b5e992028556d97bc2b3ff614e	none (byte-identical source copy)
W_Bow08.png	icon_7soul1_w_bow08.101	be4684011f839a345394ba8fec0bf82b16aff5bfadfa096a4652727e59d4c259	none (byte-identical source copy)
W_Bow09.png	icon_7soul1_w_bow09.101	b3022dd9032f7da066633f62953aa8d926d4bcdb1560ad3c95d1e751a43bcc1b	none (byte-identical source copy)
W_Bow10.png	icon_7soul1_w_bow10.101	c46244b515d68a5b07be12942c7bc0a7734b4a27c04fea5c35251bc140236185	none (byte-identical source copy)
W_Bow11.png	icon_7soul1_w_bow11.101	dee9939d746ae0240743916b6b6e7d375110cb7f2bba854a53f5cf48328aae27	none (byte-identical source copy)
W_Bow12.png	icon_7soul1_w_bow12.101	dbfa98798c6952022b7a21415b6b14e1fa522cbafde6e31681c2af8973007391	none (byte-identical source copy)
W_Bow13.png	icon_7soul1_w_bow13.101	a4f298fad23faf9eb3f356c2faa32a136f0b60e77e88d903236de2136d992d6a	none (byte-identical source copy)
W_Bow14.png	icon_7soul1_w_bow14.101	dde0bbe88d4a4f95fc3d69119cef4a18fa793b92d233e07b0b7bccccd9d204d9	none (byte-identical source copy)
W_Bow15.png	icon_7soul1_w_bow15.101	71ab6b8759efae8cefd8611d9ce07effa5a256b56944c336fe2dc0680f1ae86d	none (byte-identical source copy)
W_Bow16.png	icon_7soul1_w_bow16.101	baa31b4c946f4094e68cbc32d7460e600126eb1b32bfed4e867fb0b23349017d	none (byte-identical source copy)
W_Bow17.png	icon_7soul1_w_bow17.101	ea6b5c529f16fd3e5ead5a64400a1da17dc74e2c881ccd3b1a46de883f077ad8	none (byte-identical source copy)
W_Dagger001.png	icon_7soul1_w_dagger001.101	efbcfc4220ad729bb8c4a1acf6f11e5414c938a79847e2d99200e02852a02237	none (byte-identical source copy)
W_Dagger002.png	icon_7soul1_w_dagger002.101	96a6eb248ef0292c2e6dd84e2af60ad4e50956cb69dac2ad7520573b52114737	none (byte-identical source copy)
W_Dagger003.png	icon_7soul1_w_dagger003.101	3d5d23fb159c61f3a061b545a91969dad3adb5fc0eef439f096281bbb818bf39	none (byte-identical source copy)
W_Dagger004.png	icon_7soul1_w_dagger004.101	2fde03f71eb96787cfc94680e30925481d286f10d7b6fa2aa1ab3e0e33df68d4	none (byte-identical source copy)
W_Dagger005.png	icon_7soul1_w_dagger005.101	ec365408cbbf24382e446a4f051e4946ad59fbb12d9a2454c27fa10c4dcddcbc	none (byte-identical source copy)
W_Dagger006.png	icon_7soul1_w_dagger006.101	373eb7393344199696e3f65eb238c6c4806e8080fec2a3ebf5ce60bfbe591424	none (byte-identical source copy)
W_Dagger007.png	icon_7soul1_w_dagger007.101	2332e6da4adb1588d642dc67dbb0711747f40bcc0d50500d7e34270f9172a79d	none (byte-identical source copy)
W_Dagger008.png	icon_7soul1_w_dagger008.101	ebd4a1daff2becc38a13b60c218e69227ce6601024265f91936a46d9b29932d1	none (byte-identical source copy)
W_Dagger009.png	icon_7soul1_w_dagger009.101	3a8d261d987b47c2bde471957424d6f7dce641007d2599d86e479f50472a8f55	none (byte-identical source copy)
W_Dagger010.png	icon_7soul1_w_dagger010.101	e7b911a6390271bb7e6a2bfc7e161a6437c225350428de82a57800a9cee71c5c	none (byte-identical source copy)
W_Dagger011.png	icon_7soul1_w_dagger011.101	4b8d93adb64fb519837bdc7a7f891a2ba76639ceed249e1ca52191227de76ad2	none (byte-identical source copy)
W_Dagger012.png	icon_7soul1_w_dagger012.101	d8faf04022d4269a117ed2015b3dc1ce049036b84ee6aed34517da64de1176dc	none (byte-identical source copy)
W_Dagger013.png	icon_7soul1_w_dagger013.101	63b382cc36f06c293d97e33289fe0f9af05498fedeeaed7e78ba37c6c44619e4	none (byte-identical source copy)
W_Dagger014.png	icon_7soul1_w_dagger014.101	d6bb8be05c6c43bd5f4568f75c4ce7dfc77b3c429ca9f1068b90506df4148e9d	none (byte-identical source copy)
W_Dagger015.png	icon_7soul1_w_dagger015.101	c7db052ade9f91d347d140c7b7422880a9b98ce59567fb07b6fee40e1018dd4f	none (byte-identical source copy)
W_Dagger016.png	icon_7soul1_w_dagger016.101	7691974e0c4abb14c8db6d0b30eac296151786e525d0dfbd66c1e014e3a7302f	none (byte-identical source copy)
W_Dagger017.png	icon_7soul1_w_dagger017.101	4bffa62f52b5d93adc9a656a72f322274bad1aed54215a895758f54f38501a35	none (byte-identical source copy)
W_Dagger018.png	icon_7soul1_w_dagger018.101	0f49f271671585ff2805da2029e39cfca1ef23398eb07c7d7457e8ff332b54e8	none (byte-identical source copy)
W_Dagger019.png	icon_7soul1_w_dagger019.101	803a708be4374bac3ac4cedcfc7b53ed690786482a87498d47f3d40a994a8953	none (byte-identical source copy)
W_Dagger020.png	icon_7soul1_w_dagger020.101	af7565c0dde8d7a71275d72f8aae8470c151bc716e79b943fc0544c3fb29e112	none (byte-identical source copy)
W_Dagger021.png	icon_7soul1_w_dagger021.101	aefda112bde9f269b28a4765deda40613d3fba3e1fadb0ec88a68f08abc80795	none (byte-identical source copy)
W_Fist001.png	icon_7soul1_w_fist001.101	62ba6c666fc7b4a6bedaecb46c72a9f25ddfc063e5c7425b060de0c000ba5abc	none (byte-identical source copy)
W_Fist002.png	icon_7soul1_w_fist002.101	c0143e812c83ae125ca26f0be2bb529fb5570c4bcaf2b7db936a4e0ecccb39e8	none (byte-identical source copy)
W_Fist003.png	icon_7soul1_w_fist003.101	af065301bb8c8d990f44fa783930ef8ef3fa63d9712891a06c5f6dd3e97c39e4	none (byte-identical source copy)
W_Fist004.png	icon_7soul1_w_fist004.101	9dd6ac4590f66742f522cb0c32b70bacc2a53a2163aaca3e21b82af1a176b08a	none (byte-identical source copy)
W_Fist005.png	icon_7soul1_w_fist005.101	da670c127f2508f9f05250f5b68d90ecd01d06e7023534333b9c6d8cf71e8ca7	none (byte-identical source copy)
W_Gold_Axe.png	icon_7soul1_w_gold_axe.101	38263c68cab428156e00fc4a35ab993a8e97ad1a23e1e54908d9182072993d7a	none (byte-identical source copy)
W_Gold_Bow.png	icon_7soul1_w_gold_bow.101	22a0c422a1131aeb6afdb13bd3ab7a84506008b2617f4167611becaef9d0fe24	none (byte-identical source copy)
W_Gold_Dagger.png	icon_7soul1_w_gold_dagger.101	5fa002dce72eaddb9718f5c9bcc947e10d548882c2e75d76c6529983c7480b9e	none (byte-identical source copy)
W_Gold_Mace.png	icon_7soul1_w_gold_mace.101	ca5be9bb995b1ed8421308753c2219e1e2c64fbbd174a6e1ab27619a8c924872	none (byte-identical source copy)
W_Gold_Spear.png	icon_7soul1_w_gold_spear.101	83570b06086491622cbd0d932e26f1b757a4e497e896da5a93648aebdc0a3302	none (byte-identical source copy)
W_Gold_Sword.png	icon_7soul1_w_gold_sword.101	7bd786bfae169ae4d9640516cc42a579dc22dbf4e76323367fa4765094b0c2d6	none (byte-identical source copy)
W_Gun001.png	icon_7soul1_w_gun001.101	e0efc014a66927cbfab5649787756389ddf0df503b6964354f044c1c0acf6409	none (byte-identical source copy)
W_Gun002.png	icon_7soul1_w_gun002.101	8ebc36afeba559ced468a401f64f3aa6243ea3bc90b4a22c37a96c09ecdc1f7f	none (byte-identical source copy)
W_Gun003.png	icon_7soul1_w_gun003.101	d6ca65df93fac663ba4d30e399369cb5cfb00ab9ff44ec68719fcf7aec0ba5c4	none (byte-identical source copy)
W_Mace001.png	icon_7soul1_w_mace001.101	8b46c592b5fa47969ae2fc7fabb805c5de6ac89f0efd535001c069a0313af7ad	none (byte-identical source copy)
W_Mace002.png	icon_7soul1_w_mace002.101	302e870c4aac2b86ee419c562e9a6009b2334e938559fdf96a8f7f0335874a9f	none (byte-identical source copy)
W_Mace003.png	icon_7soul1_w_mace003.101	a48c6eeb298e0f5c18a4a30cd4d7c921e6261262a85f31271f8f3a06351b79ec	none (byte-identical source copy)
W_Mace004.png	icon_7soul1_w_mace004.101	a0b38a4af0220d76004957c7340ec80b70b226ca8a047e4455c32cbc39969de4	none (byte-identical source copy)
W_Mace005.png	icon_7soul1_w_mace005.101	22e305059fa949e5192822f14236dcb7a3c1c10fb1bfa59841161567115cd92d	none (byte-identical source copy)
W_Mace006.png	icon_7soul1_w_mace006.101	fdb8f61db315f32fa33a0f28902970526757be4a6e372f54736862ad174d9bb6	none (byte-identical source copy)
W_Mace007.png	icon_7soul1_w_mace007.101	b45ded0ac7c5f330e8c6c6645ea3e2d79ffb1ea91def867ace45ea24309e0abe	none (byte-identical source copy)
W_Mace008.png	icon_7soul1_w_mace008.101	a16cf787a436fccca5352b05a236a796d6540ab5a43ca85b831505bd16aecae4	none (byte-identical source copy)
W_Mace009.png	icon_7soul1_w_mace009.101	b8ac735469d0f4943e58f55a570d264fcbae07f304aad12fd5341553f428b578	none (byte-identical source copy)
W_Mace010.png	icon_7soul1_w_mace010.101	8dfa127cd2de3f03395e3cf72bb004983e0a42fd53b43d59afc3a0d2fbf9f09e	none (byte-identical source copy)
W_Mace011.png	icon_7soul1_w_mace011.101	20f90ee107a5e3aeaf3ac75a02a7fa73a5e23a5cdd716ba2c9aa73b5fc4c1803	none (byte-identical source copy)
W_Mace012.png	icon_7soul1_w_mace012.101	fc54320dde111db55f220363a1551812ef43ee175022e69a7e0ea6702df8f639	none (byte-identical source copy)
W_Mace013.png	icon_7soul1_w_mace013.101	c466b9336899cd16bf63bc20c0e0b427fb1bd771794bd590da30e1d889a8df09	none (byte-identical source copy)
W_Mace014.png	icon_7soul1_w_mace014.101	0ff69a1480c359324ebc4b56c45d3dc565844e6443f7c6b15ab0b0ca4054e557	none (byte-identical source copy)
W_Mace15.png	icon_7soul1_w_mace15.101	60415cecafd0afccace752dc090ce033ac1822c06f96c04deb17c323ada918b6	none (byte-identical source copy)
W_Mace16.png	icon_7soul1_w_mace16.101	bd29c15bb78a1f3da880eb8d65a9aaec26aca55d25ab1e295669ac3248a9de2c	none (byte-identical source copy)
W_Spear001.png	icon_7soul1_w_spear001.101	82bb261b94e5bb45b1690e26f45c61ecbb1358ae3d97b5b2bab00519265e5fa0	none (byte-identical source copy)
W_Spear002.png	icon_7soul1_w_spear002.101	f9ecbd5aaacfbef60cf732abb20fe03ec18ce5ba2bf4b1384ccf16affe8ba5c4	none (byte-identical source copy)
W_Spear003.png	icon_7soul1_w_spear003.101	f462e8e848468b150d3e7fb7637fd8ce2b2954435727c9713065a9041d80f96a	none (byte-identical source copy)
W_Spear004.png	icon_7soul1_w_spear004.101	daa688436140d1ed2b0243c546ac43dae88e04a49b4ddcfe7b9a4467890c83ed	none (byte-identical source copy)
W_Spear005.png	icon_7soul1_w_spear005.101	9729c2709fa844f8f943f053e4e98e068f588b925625b2f5ac2edf824b0f0f09	none (byte-identical source copy)
W_Spear006.png	icon_7soul1_w_spear006.101	329155c7c6b5256c0443764db602d65f619150e304be66e8e4f0c6a4b9895fb8	none (byte-identical source copy)
W_Spear007.png	icon_7soul1_w_spear007.101	df0fb68dfc58e223b1a85ae144d78b68bb901bdfac30bfa28a86c05ccbfc408d	none (byte-identical source copy)
W_Spear008.png	icon_7soul1_w_spear008.101	6886b72210ad6fd88081e1b5205ee18acbda8ece3f4fc029d077e5bb092f611f	none (byte-identical source copy)
W_Spear009.png	icon_7soul1_w_spear009.101	311626af09e18e2b291e5c7c774668133f659e53f398b584fbb41453a63ede5f	none (byte-identical source copy)
W_Spear010.png	icon_7soul1_w_spear010.101	ab382b22922397ca0d7c7fbae3e670ee1cb9ee733d35be64891288bbfbd792b7	none (byte-identical source copy)
W_Spear011.png	icon_7soul1_w_spear011.101	cdfc03a54c154df21271ca6efaa09a34e3f68ba2e81c21327b2ceae389ae2bb1	none (byte-identical source copy)
W_Spear012.png	icon_7soul1_w_spear012.101	82de16a009d620d8cb4aa599643356c856c7d0d87c5919578e7e4734e40aa7ef	none (byte-identical source copy)
W_Spear013.png	icon_7soul1_w_spear013.101	f6ffed2998e2a5ea541713a5044b19a9b8718a755212a5b846d43b45dc57e652	none (byte-identical source copy)
W_Spear014.png	icon_7soul1_w_spear014.101	4caeaaca9a00be98d7b75422f2e75af26eb4b4329911199272380dc72a9f2efe	none (byte-identical source copy)
W_Staff01.png	icon_7soul1_w_staff01.101	0e697b84854209020952d9179179227097d91148e2f9ce3ede7e79c3d0294c03	none (byte-identical source copy)
W_Staff02.png	icon_7soul1_w_staff02.101	be7ac3727d6a168157fc339dc81a0dbabc747ce29bcfc0b3fa73794e84ab9aae	none (byte-identical source copy)
W_Staff03.png	icon_7soul1_w_staff03.101	60f7237f679ad879e20ee2f02edc681f0fdfc308fe30ab8f865f3c64042c2500	none (byte-identical source copy)
W_Staff04.png	icon_7soul1_w_staff04.101	9ae9c032143d9889d498ac4336c2b36e7735c15e6e0d153653c1bc6970c199eb	none (byte-identical source copy)
W_Staff05.png	icon_7soul1_w_staff05.101	f810b8967377f2f6c816a74488f5e81fe2ae820c2d9e30855a56fab4e990f957	none (byte-identical source copy)
W_Staff06.png	icon_7soul1_w_staff06.101	245f2359d3bd1eabfc0f3e5e7f8b1d274258eead3acb28237c8f167e92325182	none (byte-identical source copy)
W_Staff07.png	icon_7soul1_w_staff07.101	ce3da44c0c19a14155ec2e6a64e13a9beed461328cd212407f845e71dc4e2fd8	none (byte-identical source copy)
W_Staff08.png	icon_7soul1_w_staff08.101	d5c7db5e371cf4072d9d9bcc0041aae6ee386a53575cf24eeb904b21553d40bf	none (byte-identical source copy)
W_Sword001.png	icon_7soul1_w_sword001.101	5cc021b06f81803e9ba50da667acccd68a65c658c312e5b15cc2b51d01966b23	none (byte-identical source copy)
W_Sword002.png	icon_7soul1_w_sword002.101	5ebedd838ea468f3f752b8c8417be8b336762707c36bfe785a50957c27ff2801	none (byte-identical source copy)
W_Sword003.png	icon_7soul1_w_sword003.101	ce4da20371df45d31620f74c8be5fd51661001843390f1ca15771ecb6070b792	none (byte-identical source copy)
W_Sword004.png	icon_7soul1_w_sword004.101	e40c9d67b22ee4f2b9411b12b7a71db08edd0f308008c9bbb1539796d161b7df	none (byte-identical source copy)
W_Sword005.png	icon_7soul1_w_sword005.101	10c60454d74ed31d1c4cef9ed7f0463d6d298eccd77b26a956ba8ae7cfb916f6	none (byte-identical source copy)
W_Sword006.png	icon_7soul1_w_sword006.101	e0f0aaebf63b7aa9719a208c113bc070d1fcea8538524b865065089d1728f2dd	none (byte-identical source copy)
W_Sword007.png	icon_7soul1_w_sword007.101	65927045ead85957361791a564377b62616ae0212fe28c67b560057ab91fd80d	none (byte-identical source copy)
W_Sword008.png	icon_7soul1_w_sword008.101	6ab67e10abc51963b6ea5fecb209b3da23cfad3c51513571430d118952a6aa2a	none (byte-identical source copy)
W_Sword009.png	icon_7soul1_w_sword009.101	8c4d4402eff7c533d707ae870928adccec560b94f6ffdead67628f1e8b25cb73	none (byte-identical source copy)
W_Sword010.png	icon_7soul1_w_sword010.101	fa316c2ddcaba43743d7a074c775f59a26c50ef9d9f9e358e4bf4b8cbd556346	none (byte-identical source copy)
W_Sword011.png	icon_7soul1_w_sword011.101	2a963ad7d6ebaeafd0a91ec72f8ff8c8c4110436f4fe83d9e28e01a50c754cfe	none (byte-identical source copy)
W_Sword012.png	icon_7soul1_w_sword012.101	bdd59ba2229121f1339d77c3c99abd4d8f6606cb29010f3ef2e0e3fa76ee27ad	none (byte-identical source copy)
W_Sword013.png	icon_7soul1_w_sword013.101	911e2aeb3b9b586b775405fa7bf4840a70a42c3c7ffd8a18c0a44c0bbc348a1e	none (byte-identical source copy)
W_Sword014.png	icon_7soul1_w_sword014.101	2c066479325939e7eb35c385b9be409de26918082fb48d8b2caaeebb891cb237	none (byte-identical source copy)
W_Sword015.png	icon_7soul1_w_sword015.101	2061f79da790205fb3ded5e0da1028749cc705d7b3c924838feec64a43d91478	none (byte-identical source copy)
W_Sword016.png	icon_7soul1_w_sword016.101	8e95a8f69555cc82d1f161eae0a3be743f866c7b3fbd74c3e7f93c0caf59ca4a	none (byte-identical source copy)
W_Sword017.png	icon_7soul1_w_sword017.101	49e826cd86394e50e7f08225f3625fcc2aebc790a762445ac7c07cd288573157	none (byte-identical source copy)
W_Sword018.png	icon_7soul1_w_sword018.101	912962a9082dd75a9953d404637098ad85f0b3a030d681ca9d76bb7a051dc31e	none (byte-identical source copy)
W_Sword019.png	icon_7soul1_w_sword019.101	04aff1f56cda1db0730767a8e45e1c3a6a3142b5a644fe05f64619a50a390db1	none (byte-identical source copy)
W_Sword020.png	icon_7soul1_w_sword020.101	439d70a226005c4acf6390edda0fa41fcfefc4d6d49fea7c189a1a272a7ac3d6	none (byte-identical source copy)
W_Sword021.png	icon_7soul1_w_sword021.101	0b02702e0bf735b8b84c6e4f89105d24077814eb3d757525b456191d52101330	none (byte-identical source copy)
W_Sword022.png	icon_7soul1_w_sword022.101	720dcf4816699a3de2f65a1a79ab7ce9d09af399936e9601e60a7dccf506af90	none (byte-identical source copy)
W_Throw001.png	icon_7soul1_w_throw001.101	edf788e8b8204e2aff5a7bdfc1d5a2e757907cff32cdf182374eaef8d2a20f4e	none (byte-identical source copy)
W_Throw002.png	icon_7soul1_w_throw002.101	2dd6c67ca4663fb0481025e99712704e8ff0b59c6e0e660354cce9dc286434bf	none (byte-identical source copy)
W_Throw003.png	icon_7soul1_w_throw003.101	3f2065d6a0ec142a960c85e4e98490e9cc8b0388685d5ab9046ec9b1687a77c7	none (byte-identical source copy)
W_Throw004.png	icon_7soul1_w_throw004.101	484c37adb1a7d9bfa01a3e8538bf18f5bb6ab1aa657c273e011c36e3add2540b	none (byte-identical source copy)
W_Throw05.png	icon_7soul1_w_throw05.101	1c42a3bb697f99f855c521f5db3b7e9c093ef6c5c7e2d78ef1b4e7849aa8eaca	none (byte-identical source copy)
